,numsinusername,posts,followers,following,ratio,biolength
5,3,312,261,234,0.896551724,0
6,5,0,22,12231,555.9545455,0
7,0.38,44,66,75,4,1.14
8,0.57,4,96,339,9,3.53
9,0.57,0,57,73,7,1.28
10,0.27,2,150,487,2,3.25
6,5,0,22,12231,555.9545455,0
7,0.38,44,66,75,4,1.14
8,0.57,4,96,339,9,3.53
9,0.57,0,57,73,7,1.28
10,0.27,2,150,487,2,3.25
