,numsinusername,posts,followers,following,ratio,biolength
0,0,5,179,3883,21.69273743,68
1,0,67,67,694,10.35820896,65
2,0,34,680,305,0.448529412,32
3,1,1100,486,646,1.329218107,105
4,2,0,458,2429,5.30349345,113
5,3,312,261,234,0.896551724,0
6,5,0,22,12231,555.9545455,0
7,0.38,44,66,75,4,1.14
8,0.57,4,96,339,9,3.53
9,0.57,0,57,73,7,1.28
10,0.27,2,150,487,2,3.25
