,numsinusername,posts,followers,following,ratio,biolength
0,0,5,179,3883,21.69273743,68
1,0,67,67,694,10.35820896,65
2,0,34,680,305,0.448529412,32
3,1,1100,486,646,1.329218107,105
4,2,0,458,2429,5.30349345,113
0,0,5,179,3883,21.69273743,68
1,0,67,67,694,10.35820896,65
2,0,34,680,305,0.448529412,32
3,1,1100,486,646,1.329218107,105
4,2,0,458,2429,5.30349345,113
